text,sentiment
bayar ribu wifi mati aktif bayar rbtagihan situ sehat cari duit halal bos nipu custemer nama,Negatif
kecewa banget minggu internet matialesannya baik tiang mustikajayasaya bantargebangjauh bgtmasa iya sebantargebang mati smuag komplain gtg mungkinlahpelayanannya burukinternetnya burukpgn pindah indihome ajabaru masang minggu kecewa banget minggu internet matiqt langgan kena denda ribu pakai thnlahblm internet mati minggugmn pengin pindah wifiburuk buruk buruk,Positif
parah respon kendala los koneksi lot aduin whatsapp suruh tunggu kali jam kagak respon teknisi gilir telpon suruh tunggu xjam ajak antem konsumen guna wa telp coba urus keluh langgan lelet,Negatif
pakai los merah musti tehnisi baik masak musti kasih uang rokok tehnisi kasih kasihan muka manyun tawar paket promo benerin jaring,Positif
kali buka lowong sales ber alam baca dongo otak,Positif
wifi lag ping merah putus putus,Positif
puas wifi drmh los merah baik pdahl adu kmna,Negatif
apk jembut error dibetulin,Negatif
oke,Positif
wifi pasang sabtu minggu siang jam ya los ya merah kabarin les telfon cs jawabanya minggu senin teknisi pasang full lelet,Positif
kesini jaring kacaumasa cepat download kbsmending pakai sinyal selularotw ganti jaring mahkerjaan ganggu bangetdipake zoom meeting bisabangkeee,Positif
layan bermutudari internetnya cs teknisi profesional tangan masalah internet install sabtu minggu teknisi suruh weekend pakai internetnyatrus kerja ya kepake internetnya picik banget sih bisnis ya moga cepat bangkrut kalianamin,Positif
aplikasi update tingkat ux ya baik layan adu keluh sangay bergenti jebak langgan janji janji busuk terimakasih,Positif
cepat urus ribet teknisi langsung st set menit kelar,Positif
layan lambat ganggu,Negatif
keluh mulu wifi kabel kurang mentang bayar muas,Negatif
banget sinyal ya los muluudah tunggu ya butuh sinyal kerja min rumah ubah maju min,Positif
sinyal jelekk parahhh,Positif
layan ya bagus tau kendala suruh restart tau lost merah bagus ya lagibdi aplikasi lapor tiket selesai tindak apa,Negatif
provider proses baik minggu los peduli puas customernya pikir kali deh langgan provider,Positif
layan sinyal ganyampe rumah gangomong main data bilang gilir uang masuk ribet kali kroscek ya,Negatif
jaring pasang bagus streaming donlod lancar gaming no banget stabil sesal pindah indihome,Positif
adil banget nih wifi tetangga gue oxigen jalan internet ya gue doang jalan lost conec inter ya jalan hari pls habis nelpon cellsensenter sibuk,Positif
tolong orang reset pasword oxygen id susah aplikasi,Negatif
login update,Positif
ok top,Positif
nonaktif jaring cs bilang tagih double tbtb bayar tagih pakai minggu mati alas bayar kemarin nonaktif duh butung guna cs ya nipu customer pindah kecewa banget,Positif
maling uang kembali,Positif
lot cuy parah pakai doang,Negatif
parah jaring los putus internet slow lelet hadeeee,Positif
mantap,Positif
errrorrrr,Negatif
aplikasi ok after salesnya lambat,Positif
payah masuk,Negatif
parah proses refund lamaacs ya kabur kayak ogah ogah ngelayanin proses refund giliranan duit nomer,Negatif
login,Negatif
layan oxygen buruk pengerjan drainase rumah wifi mati hitung minggu wifinya hidup mati smpi suruh tunggu antri bayar full fasilitas sungguh kecewa tunggu,Positif
buka,Positif
dulunya error diupdate error payah,Negatif
jaring ya super sekalisuper lelet pakai hp merah lelet ping ya main mobile legends ping an tuh reset modem ganti modem ganti kabel pakai perangkat hp leletalamat sui raya pontianak,Positif
menu bantu hoax efektif banget bikin aplikasi niat bantu ganggu pegawai utama prioritas layan langgan percaya,Positif
app mudah usaha guna isi bayar beli paket helpdesk troubleshooting uninstall,Positif
pasang provider rumah trouble complain via wa otomatis cut bot ganggu masal ambil paket bagus kualitas jelek minggu ganggu kali bosan hapal cs bot templates,Negatif
mantab,Negatif
kabel loss kedip merah baik tunggu pas pasang gesit dtang krumah eh suruh bayar pas bayar kabel loss wifi lelet baik ya lamak,Positif
cust servicenya susah hubung pagi hidup wifi butuh menit conect kali cabut stop contack ya salur tv sinyal kalah stb byr bulan parah salesnya hilang instalasi pasang complain kali ya rencana cari provider,Negatif
lapor tunggu tanganipadahal gue bayar teknisi beda rumah ajakenapa tempat gue,Negatif
good,Positif
lag stuck,Negatif
los mulu parah sesal gue pakai wifi,Negatif
jaring jelek ya ganti kabel optik ya suapaya bagus jaring lot tagih ya duedate ya maju ya bayar,Positif
kontol jaring mati hari tindak apa beda provider trouble langsung dibenerin telpon doang kontol,Negatif
tangan jaring lost lambat lapor siang sore suruh tunggu jam estimasi jam sore malam,Positif
parah downlod fungsi,Negatif
gila ngalamin pasang wifi mana pasang aktiv bayar bayar buru bilang lokasi pasang pas bayar teknis pasang aneh,Positif
pakai internet inilemottidak sesuai paket,Positif
ya pakai bayar ya utuh pelanyaan ya mah hancur kagak kaya ya,Positif
customer nih,Negatif
jaring lelet pindah paket mbps,Positif
langgan oxygen pasang alhamdulillah lancar smpet kendala rumit puas bayar gampang ecommerce tokopedia,Positif
kacau jarak meter sinyal router jelek router ruang dapur sinyal putus kualitas routernya buruk,Negatif
wifi oxygen sngat bantu harga jangkau flat anti lot,Negatif
kecewa oxygen awlanya pasang langsung bayar full bayar kali kunjung pasang wifi ya minggu larut pasang putus batal kembali dana aju dana kembali kerja kerja dana kunjung dikembalikansudah nelpon contact center terima puas,Positif
internet nyala cs tunggutunggu kapangila perusahaanyg jam teknisi rmyg bodoh banget,Positif
tolong mbamas cepat baik wifi rumah id langgan an bambang fitriyanto minggu internet rugi,Positif
jaring aman bayar gampang no denda denda keluh kali jam baik apk ya,Positif
ter the best alam dunia,Negatif
lucu aplikasi wkwkw,Negatif
lancar jayablm ganggu,Negatif
customer live agent ya lambat lelet buruk,Positif
tagih tdia pasang sales bilang naik harga suka ganggu tolong jelas ya terimakasih,Positif
baik ganggu banget rekomendasi wifi,Negatif
harga jangkau kwalitas muas,Positif
coba salesnya dibilangin nipu customer pasang bilang harga ubah pakai tahun tahun pakai harga langsung ubah salesnya briefing nipu,Positif
masalah ya los merahawal sales janji bagus apa nyata ya sesal pakai oxigensaya pindah oxigen pengin ya parahhhhampir cs ya samakalau teknisi tkng pacul suruh dtng lokasi biar bilang action langgan nyagak paham oxygen layan ya ajasangat minim,Positif
asih ulas jelek bingung salesnya pintar banget ngomongnnjir lot baca ulas bilang lot,Negatif
bayar sales bilang pasang refund,Positif
provider tololjaringan merah kemarin maju baik,Negatif
kecewa bayar kali provider internet bilang bayar masuk sistem mandiri ya bohong pakai mandiri lho kecewa customer service ya live agent nama ya live agent hilang hilang kayak mahluk halus sayang hai gilir balas balas ya kali menit sorry sayang oxygen hormat rugi laku bayar sisa kontrak,Negatif
internet oxygen cari konsumen cepat respon ya konsumen baik internet nyaparaaahhhh respon ya lapor minggu pagi nomor ticket perbaikankunjungan teknisi hadir senin siang nomor ticket mohon kwalitas layan langgan perhati,Positif
jaring aman bayar mudah cepat upgrade speed mudah aplikasi pokok is the best,Negatif
wifi eror malam minggu layan ya lambat admin edo,Negatif
aplikasi bantu cust oxygen wifi,Negatif
lelet wifi oxygen sesal pasang,Positif
ngelag banget jeng,Positif
kayak bayar kelen ah sinyal ya kayak,Negatif
kecewa banget nukarin poin upgrade speed mbps ubah ngumpulin poin langgan,Positif
banget jaring ilanglama sih pikir layan nyaman rugi konsumen minggu eror jaring,Positif
langgan jaring ya ganggu jaring tolong baik rugi orang,Positif
bagus kencang harga jangkau,Positif
awalanya doang internet oxsigen kasih layan all layan jaring tagih ubah komit masuk prum baik jaring tagih flet ubah aktual langgan kasih napas ubah sesuai komitmen sepakat moga oksigen kelak kena karma kecewa berat kalaw oxsigen,Positif
bayar bayarsedangkan bayar langsung matikecuali bayar pakai wiffi bayar laluini pakai suruh bayar laluseakan kredit kendara,Positif
pakai oxygen pakai oxygen urung pakai wifi bayar bulan nikmat internetnya diselingin los merah tunggu betul minggu parah kemarin gua bayar wifi ya nikmat wifi bulan full gakada betul wifinya pakai wifi oxygen,Negatif
langgan ngelag lot campur aduk,Positif
bagus buzer ya,Positif
eror kontol rumah gue,Negatif
aju pasang ktany teknisi tolak pusat alas lewat rumah kembali uang tf,Positif
responnya slow banget lapor pagi siang banget balas chatnya sinyal kadang hilang hubung internet kecewa banggan pasang internet mending cari ribet kecewa,Positif
aplikasi sampah minggu komplain teknisi internet normal internet,Negatif
mudah,Positif
lihat tagih oxigenpdhl upgrade baru,Positif
lengkap,Positif
aplikasi ya buka masuk login,Negatif
responnya jelek banget,Negatif
respon baik lamaa chat ya baik gera,Positif
kali kirim ticket ping stabil apk ya ngestuck masuk home page,Positif
busuk layan teknisi ya beres bayar langsung padam internetnya tangan ya respon bagus provider,Positif
kacau solusi lambat nang ya rugi hari pakai internet,Positif
fiturnya lengkap akses fiturfiturnya mudah tampil keren,Positif
tangan makan kecewa banget langgan layan buruk profesional trouble minggu buangbuang pulsa tenaga rekomen lagilagi langgan oxygen,Positif
kecewa banget pasang kendala tuh teknisi tugas orang rumah ya banget,Positif
wifi benerin sih trauble terus,Positif
buruk nama nya bagus,Negatif
wifi oxygen rubang nama orang,Positif
coba layan ya jelek responnya hilang ilangan teknisi ghoib,Negatif
baik aplikasi ya bantu,Positif
kecewa banget langgan bayar uang pas pasang pending alas ijin rt rw pasang kabel pusat sosialisasi ijin pasang rt rw ngecewain kembali dana jelas,Positif
downditengah malamkadang siang bolongpertama ya jossmakin kesini payah moga lekas baik layan ya min biar konsumen kecewa,Positif
pakai oxygen pasang wifi jam pagi ujan gede wifi loss tanda merah router restart restart ya guys riset pagi lapor loss dilakuin normalkdng smbung pakai orang loss pagi lngsng lapor cs via whatsapp menit lngsng nomer lapor malam langsung cek teknisi gercep smpet ragu review jlk playstore,Positif
wifi pakai google facebook youtube lot beli wifi baik beli,Negatif
bagus sayang iphone bintang iiphone nabah bintang,Negatif
salesnya bilang paket mbps harga xxxxx flat tahun harga xxxxx oke harga eeehhhhh mbps rang mbps komplain mbps promo down tv lag keluh customermu ditinggalin,Positif
siknal kadang cepat kadang lambat,Positif
jaring hilang ngan wifi,Positif
hari interneran los sinyal wa salesnya ubah telepon wa tanggap gila kapai gue pasang internet tv cable nikmatim fasilitas entar tau suruh bayar sistem model nikmat full suruh bayar full waras sih,Positif
suka banget oxygen murah layan maksimal moga sukses oxygen,Positif
internet aman aplikasi bantu,Negatif
oxygen layan maintenace ya terima kasih merespon keluh,Positif
top,Positif
bagus paham tanggal jatuh tempo tulis paid unpaid warna ubah bingung tolong tambah fitur lapor ganggu terima kasih mohon timbang,Positif
habis ujan ngadat mbps,Negatif
baharu mulu heran,Negatif
oxigen andelin pasang harga kasih jangkau kualitas kalah harga baru bagus payah jaring ngerestart zte kali remot pakai conecting jaring lost merah wifi suka lot invoice masuk email daftar sila ambil alat,Positif
sesal pakai wifi produk sinyal lot ngelag rumah orang doang pakai,Positif
ya wifi internet ya stabil tangan ya ok problem sales ya gercep keluh recommended banget sih langgan coba rasa,Positif
ok,Positif
baik sih sinyal kendala paket murah biaya bulan kenaikanflat,Positif
sesal ganti provider layan oxygen pokok the best pokok,Negatif
layan buruk,Negatif
puas,Positif
aplikasi ngebug terussusah ecek tagih bayar internet,Negatif
wifi lancarmulai siang malam lost connectiontolong baik,Negatif
semenjak ganti kabel jam malam koneksi super cacat banget main game ngangkat ping an,Positif
mahal promo promo bagus murah sesuai kualitas down aplikasi guna apk bayar batas virtual akun bank inti oxygen bagus jelek bayar muka pasca bayar pasca bayar rada nipu nih provider tarik masang mikir kali,Positif
aplikasi jelaspengaduan lambat ditanggapiseminggu jaring rusaksering indikator wifi hp tanda,Positif
login,Negatif
ancursetiap lampu indikator los menyalamasa kendala kawan tolong baik layananya,Positif
respons lambat,Positif
mengecewakantidak rekomendasi,Negatif
coba buka kali pasword dreset ya,Positif
rusak internet loss janji teknisi baik suruh standby jam jam sore malam tunggu indak muncul customer service aplikasi diam respon bantu oxygen id wa sales indak angkat telepon lepas tanggungjawab aplikasi duli bayar keluh langgan indak direspon maaf layan oxygen pasang pasang trouble derita langgan aplikasi tolong,Negatif
sinyal suka hilang doang bagus sinyal hilang sumpah recoment banget paket internet jelek parah sesal pakai oxygen,Negatif
jelek,Negatif
respon cepat internet ya muaaaantaaap,Positif
sih kerja ya kotor kotak penuh paksa nyabut orang kotor sales teknisi ya dirugiin laku sales teknisi maksa masang penuh box ya,Negatif
baik,Positif
mati kunjungsn besok lusa mati proses kunjung ya dst,Positif
pakai pasang copot wa salesnya dikacangin ig oxygen id dikacangin copot susah yaudalah didiemin bayar,Negatif
downgrde suruh bayar urus heran layan balesnya banget,Negatif
oke,Positif
oxsgen buruk roter ngelos benerin,Negatif
pakai oxygen,Negatif
brlangganan bulan ganggu respon prbaikan sngat lambat pmberitahuan email internet ganggu los merah komen minus ya oxygen pindh provider maaf layan user krg muas bayar lho gratis cuy,Negatif
mantul,Negatif
update log ya lot banget jaring mah kayak indihome lot jaring masalah slow respon banget tolong baik ya enak mengunakan wifi,Positif
apa jaring ya banget kesini reset lot,Positif
langgan langsung los merah baik estimasi parah,Positif
halo tolong bayar tagih aplikasi error buka tolong baik,Negatif
lo gue endfiber optik troble,Negatif
layan buruk banget internet mati lapor cs dibenerin sesal pakai oxygen,Positif
tv kabelny pasangjanji pasang minggu info wa baca telepon angkatwifi katany jarak meterjarak meter sinyal parahhhhhhhhhh,Negatif
parah sales teknisi ya gue bayar langgan tanggal april sales bilang tanggal april jam pasang router wifinya tanggal april pasang gua kali telfon customer care ya ya bantu follow up konfirmasi gua bad responsibility profesional gua pas pasang jelek nih signal ya kecepetan mbps ya sesuai,Positif
masuk,Negatif
bobrok,Negatif
update perangkat kompatibel buka aplikasi,Negatif
asem los lapor tanggap kacau,Positif
tolong wifi oxygen wifi lag melulu kecewa bayar bulan doang mahal jaring lag los melulu,Negatif
diupdate buka,Negatif
mantap lelet,Positif
pakai minggu kendala mulu wifi sambung no conection ah payah,Negatif
layan jelek wifi ya loss hubingun cs ya respondnya kacau asli sesal pakai gua,Positif
kerja wfh ganggu jaring dc id langgan atas hubung,Positif
bantu kendala terima kasih,Positif
pelayananpaling burukiptv umur seharisudah error pakaingadu tanggap,Negatif
bagus wifi okee,Negatif
tanggal tanggal wiffi sambung baik ya tambah aktif buang sia sia pakai wiffi aju email alesan aktif kocak bikin wiffi pakai lo gue errorin tuh wiffi pindah wiffi oxygen hari wiffi suruh adu emailtapi jwbn ya kocak,Negatif
alhamdlah pakai lancar lancar tahun ganggu kali itu penanganya cepat cepat bagusdibandingin tetangga mahal,Negatif
wifi cacat ajg bayar internet konyolkonyol,Negatif
kualitas buruk ganggu minggu pasang mending pakai,Positif
very helpfull,Negatif
kali ganggu baik lambat cs respon tenang telfon cs bikin lapor nelfon kece system nihil,Positif
sistem otomatis layan aktif bayar tagih mennganggap customer bayar april solusi sesuai cs,Positif
aplikasi bantu,Negatif
proveider oxygen id mantap mudah semuaanya keluh langsung pakai apk selfcare oxygen id home josssss,Positif
internet ya ganggu mulu kali ganggu solusi,Positif
layan buruk oxygen internet los internet hari los internet pakai pastiin besok pagi los ganti internet home,Negatif
layan lelet adu lelet tehnisi lelet duit gercep,Negatif
trouble baik rugi,Negatif
oxygen lot ganti ya,Negatif
inet bestt,Positif
los merah tangan telat bayar langsung non aktif buruk,Negatif
bayar tagih susah banget hadeh aplikasi kepake bayar pakai ovo error pakai cc loadingnya tahun ampun deh,Negatif
sales ya teknisi kayak anak magang ajar deh kerja ya untung gajadi masang,Positif
aplikasi jelek wifi jelek doang bagus pas launching layan whatsapp cs buruk,Negatif
kasih ganggu sinyal,Negatif
sinyal bagus adu tanggap internet bagus,Negatif
parah nih orang salesnya pnipu bayar rp orang minggu tolong mind tindak lapor sebar buru oxygen wiffi lapor polisi dasar tipu,Positif
ngeluh bilang aplikasi bukti gue install hp benerin ganti sih sok far sok good bilang internet ya meter lihat halang sinyal sinyal wifi tuh pantul tembus tembok beli rotter tambah salah aplikasi,Negatif
susah banget hubung cs marketing ya,Positif
internet suka los cepat jaring down internet mati tangan positif cs agent whatssapp respon telepon kali kali cs ya tunggu tunggu tunggu proses asli kerja oxygen bagus turun mudah ya oxygen,Positif
jaring stabil terima kasih oxygen,Positif
aplikasi update abisin ram update buang buang simpan tolong baik apkiaksi dikit update,Negatif
pasang cepat pesan kemarin besok langsung pasang wow keren internetnya stabil mbps aplikasi oxygenya berat loadingnya tolong baik,Positif
kecewa aplikasi buka,Negatif
good,Positif
internet lost hubung call center teknisi teknisi rumah betul trouble ya rugi konsumen solusi bayar teknisi betul,Positif
bayar lancar kendala,Negatif
sih oxygen ganggu bulan minggu ganggu bayar kendala mulu,Negatif
respon tangan bangsad,Positif
lumayan cepat wifinya bagus tolong cepat layan followup service customer moga biar langgan amin,Positif
layan costumer servis burukk rating layan teknisi langgan costumer servis teknisi suka hati tanggung kerja,Positif
ditanganin komplen kesel banget ya allah kali ditanganin chat oxygen carenya dianggurin komplenan,Positif
jelek kualitas aplikasi backbone pindah lihat komentar bintang,Negatif
masang wafi oxsigen rusaktgl juni tanggal juni jaring box ya tanda merah bayardah lunas jaring ya jelek nyeselpasang mending pasang indihom bagus seumurhidup,Positif
parah layan,Negatif
kecewa siar piala dunia hilang,Negatif
app bagus bantu reminder jatuh tempo bayar info promo program tarik,Positif
simpel,Positif
layan buruk customer service susah hubung konsumen susah lapor ganguan jaring ganggu jaring konsumen pasti komplain,Negatif
aplikasi isi bayar bayar info info wifi trouble wifi los tangan lambat bayar nunggak sekali baik jam malam diomongin iya iya iya ubah,Negatif
jnck sinyal los tanggap cs ya parah banget sinyal hilang,Positif
gila keren banget pakai emel jaring lancar banget,Positif
update login piye,Negatif
good service,Positif
apk oke fiturnya lengkap mudah banget terimakasih oxygen,Positif
tangan keluh customer ya jelek bolak chat oxycare wa wifi internet issue baik bolak lapor lapor close tangan apa jelek banget,Positif
cs slow respon kga erti produk knowledge anehh loss ya internet hilang,Positif
bantu selfcare oxigen biaya bulan jangkau,Negatif
provider baik,Negatif
kacau layan an ya,Positif
wkwkwkw baik pengin simple bayar ovo lanjut,Positif
eror apk heran,Negatif
wifi abalabalsinyal hilang muter doang jalan sekalibagi coba wifi mending mikir deh,Positif
oke,Positif
puas oxysemoga cepat respon langgan,Positif
oxygen lemoooooooot,Positif
susah banget adu jaring loss internet langgan bingung mana ngadunya komen negatif asih bintang sesuai sih layan,Positif
mantap maintance ya cepat fast respon sales area ya,Positif
lambat nang kemarin wifi los,Positif
tangan trouble ulas trobel tanda baik,Positif
mudah simple,Positif
jelek sesal pakai oxygen tv lengkap error mulu telepon cs ya aiu aiu doang slsain masaalah pasang pikir kali deh lp cek deh ulas ya sesal kayak,Negatif
good oxygen mantab,Positif
pasangjangan lihat komentar yabuktikan komen bawah kompetitorselama pakai tahun bagus ajaya iya macet provider ajasaya pakai oxygen aman ajasaya rumah pakai hp lebihbelum laptop tv koktetap aman jaring ya,Positif
parah pelayanannyabayar tanggal katnya pasti pasang tanggal teknisi bilang sinyal orang jaring benerin tim jaring sabtu minggu libur tanggal telp jaring oke tanggal pasangbelum pasang telp sinyal kacau,Positif
tolong bantu login suruh ganti password gilir verifikasi via sms gamasuk masuk via email error loh cek tagih bayar puter puter kayak gangsing,Negatif
oxygen keren,Positif
pakai isp dhsy pasang tanggal des pakai hari ajasmp internetnya matiresponnya lamatolong baik layan langgan langsung ganggu internet berharihari,Positif
app test speed respon tekan bantu respon,Positif
orang kantor bilang box ya orang teknisi bilang penuh refund,Positif
tv kabel internet loading trsnontonpun muter mulu complain,Negatif
harga murah speed ya kencang top,Positif
langgan komplen jaring kabel stabil muncul tombol merah lampu wifi telpon contact center kali teknisi respon habis pulsa bagus kali pakai doang telah gaberes jaring,Positif
good aplikasi,Negatif
aplikadi,Positif
login,Positif
banget deh sering masalah tangan lambat,Positif
lihat tagih ya aplikasi,Negatif
aplikasi setting ujung suruh hubung call center call centernya lambat banget responnya wa telepon lambat respon jaring stabil banyak lot payah,Positif
sinyal paket ya,Positif
kesini buka bagus eror jaring los merah mllu proses baik aplikasi guna payment doang fitur adu biar cepat tanggap baik cek kala terminal box ya tunggu lapor error cek,Negatif
wifi ajar ganggu,Negatif
muas layan ya,Positif
loss xtlp cs besok langsung baik beres gue langgan jarang banget jaring top oxygenid,Positif
loh langsung upgrade kasih permanen asih bintang paham erti sakit otak ya sekolah kali,Positif
jaring ya lelet,Positif
baaru pasang jaring lemott akses ganti pw kasih tau les sih,Positif
minggu lebihgak tonton tvlama respon nyasekali direspon nyuruh nyacabut colok cabut colok mulu nyayg mesin bot,Negatif
mantap pakai wifi inilancar,Positif
internet akses,Positif
aplikasi kg mending hapusmasuk app kg kg jelas fungsi,Negatif
pasang sih oke iring jalan kadang jaring ya suka putus respon cs ya tangan lapang lambat koneksi internet on time bayar tagih tim tangan ya menelfon cs ya kali,Positif
internetnya kencang harga jangkau recomend coba wifi oxygen aplikasi lengkap mantap,Positif
lag parah noob,Negatif
mantabbbbbb,Negatif
buruk,Negatif
alam guna ganggu alas providernya wifi putus sabtu baik providernya lapor tanggap ogah kes hindar,Positif
tampil ui ya bagus simple moga fiturnya lengkap,Positif
jaring lost baik kemarin pas banjir mati lampu kompensasi bayar,Positif
sesal pakai oxygen pakai akun eh pas pakai akun butuh orang kerja pas pasang itu beda kontra ya eror ping buka youtube buka google lalot parahorang kerja kerja minggu hubungin oxygen id eh responnya doang kantor bilang pagi sore kunjung layan buruk,Positif
los teross,Positif
daerah alhamdulilah pakai kendala berartisecara puas good,Positif
aplikasi baik bantu bayar internet oxigen,Negatif
les teknisi brengsek bulan wifi ya pasang bayar full gilir kotak salesnya jawab,Negatif
internet buruk habis hujan internet lapor telpon pakai pulsa customer service lapor internet ya by gmail bikin lapor internet ya,Positif
cs slow respon sulit hubung ganggu baik ganggu hari,Positif
aplikasis suka error pasuk alamat email bilang daftar pasuk nomor tagih lari email,Negatif
mantap nih mudah,Positif
halo kak banget bayar konsultasi ya mana ya terimakasih,Positif
oxygen internet,Positif
kecewaaa sangatttinternet mati telp teknisi nyala jelas,Positif
apa nih oxygen sinyal suka hilang ilangan,Negatif
masang wifi install apk tagih paham jujur tau apk tagih rban aneh,Negatif
jelek oxygenkapokkk rusak mati total oxygen pasang oxygenrating turun buruk rating ngalamin kecewa sayaakan dicuekin operator complainslma gubris operator ya isi bohong semuarating makinntrun layan jelek sinyal jeleksering lost oxygenkalao bayar mau ceper layan konsumen memuaskanoxygen adlah tipu internet indonesia,Negatif
biaya pasang gratis teknisiy duit rokoky pakai duit duit rokok ribu alesany tari teknisi orang duit rokok dpatokin,Positif
pasang mending eror jam respon lambat layan buruk provider mending pakai oxygen,Positif
layan buruk ambil bayar jumat senin pasang kecewa,Positif
aplikasi susah buka woy,Negatif
layan baik baik sistem bayar pakai rugi oxygen lapor customer service janji baik paraaaaaahhhh,Negatif
kembang jaring intenetnya kendala lancar bulan naik rate bintang moga oxygen lancar jaya cepat tangan kendala bagus naik full bintang,Positif
sempurna,Positif
kacau oxygen los minggu teknisi benerin telepon cs kali gilir connec minggu loss bulan benerin kacauuu banget pelayananya payahhh bayar telat jatuh tempo babuuyyyy,Negatif
gue main ml mati wifi ya tolong lancarin,Positif
nih wifi lelet benerchat cs gadibales balesganiat amatnanti konsumen pindah provider tau,Negatif
kendala mantab,Positif
perangkat aplikasi kompatible,Negatif
deh pakai wifi oxyigen layan sopan suka lost merah mulu kecewa pokok customer servis sopan kunsultasi layan sopan nada bicara solot ngegas konsultasi salah suka lost merah nang suka marah tuh customer servis oxyigennya hahaha pokok wifi cabut,Negatif
jaring error baik kah pemberitahuan langgan,Negatif
layan buruk cs susah hubung,Negatif
apk hancur tau oxygen apk ya,Negatif
bagus tingkat playananya biar bagussemua oxygen harga pas kantong kulitas jaring ya memuaskanpokonya wifi oxygen rokomend,Positif
inet los jam detik lapor via email suruh tunggu teknisi lapor via wa aplg kayak omong tembok hahahhahaa tunggu nih inet ya normal ayo laahh langgan loh kayak after sales ya haddeeehhhh haddeeeehhh,Positif
baik,Negatif
tolong tegas sales teknisi pasang wifi oxygen mungut biaya tetap usaha khusus ya daerah jambi pungli ya maksa ngasihh ya gantung konsumen ya hak nilai ya minta maksa,Positif
sinyal jelek keluh datengin tugas,Negatif
burikkkkkkkk chat jam,Positif
dah pasang wifi tipu bulan bagus berikutny kayak permainin pmakaiannya,Negatif
suruh download aplikasi selfcare oxygen callcenter upgrate cepat menu upgratenya nasabah bayar tahun,Negatif
instal langsung ubah tanggal tagih ya cepat minggu,Negatif
channel ya banyakkayak disney channeldisney juniorfox moviercti,Positif
awesome,Positif
oxygen internet batas cepat hemat,Negatif
alhamdulillah mudah layan jasa prioritas langgan internet oke rekomended cari internet layan jam,Positif
wifi ya bagus lelet tangan ganggu cepat,Positif
aplikasi suruh login masuk password nama email hadehhhh,Negatif
sampah,Negatif
check tagih upate,Positif
moga lancar,Positif
respon customer service keluh pelanggansangat muas lemotkecepatan internet sesuai iklan komplain teknisi lusa operator lainkomplain inihari keluh selesai,Positif
bulan langgan internet ngadat lapor cs komplain teknisi surat kerja rusa henti langgan denda ribu internet ngadat kompensasi,Positif
oxygen payah minggu kali wi ya mati lapor jam pagi teknisi datang malam cs ya lemotttt payahlahh,Positif
layan ya bagus sinyal ya stabil mantaps,Positif
kecewa langgan abai los merah teknisi baik alas tarik kabel jauh rusa sebab pasang jaring langgan kena rusak langgan teknisi ya ngeyel keukeuh baik,Positif
tanggal jatuh tempo bayar main rubah sengaja dicocokin tanggal gaji ah,Negatif
los merah kamis tanggal februari bikin lapor tanggap lapor wa block nipu langgan kasih harap palsu tagih layan kayak tokai,Positif
wifi ngelek bayar mahal jaring nya ngelek,Positif
las los las los,Negatif
internet bebas hambat layan bagus terimakasih oxygenid,Negatif
gua langgan setia akir akir wifi ngeleg main jonson gua pengin izin banting alat wifi ya,Negatif
apk akurat sehinga bayar salah bayar,Negatif
lose teknisi sales csnya,Negatif
apknya pas buka freeze ya blank,Positif
gampang lapor cs ya,Positif
jaring parah banget nih stop langgan kayak,Positif
login ya passwordnya isi nama wifi pswrd wifi thanks,Positif
wifi jelek banget kadang internet ya sesal jdinya,Positif
layan buruk aplikasi lot cs lambat teknisi lambat minggu los merah etikad unutk baik,Negatif
langgan buat tagih oxygen buat id langgan nama paksa pokok bayar,Positif
sesal sumpah dengar teman bilang pakai gue pindah sih merah harap parah hari pasa muter pakai speedtest apk mbps langgan ya mbps woy refund kah cerita tipu nama,Positif
aplikasi tarik manfaat,Positif
down februari februari tim kait kunjung,Negatif
parah banget jaring wifi cuman telat bayar jaring wifi pas bayar tagih telepon cs oxygen layan ya sibuk buang pulsa doang,Positif
cek tagih bayar cs pajang online,Negatif
lambat,Positif
update login sampah,Negatif
customer service lambat pikir kali pasang oxygen,Positif
langgan oxygen kecewa kali los conection kpake wifi conectionsaya kecewa mnyesal langgan garansi,Positif
update aplikasi suruh update playstore ya baru niat sih nih oxygen bikin apps ya,Positif
respons tunggu email konfirmasi pasang kemarin,Positif
los no internet access bingung woi gua adu kmna call center wa cuman bottt doang isi,Negatif
minggu router loss merah telfon jawab cepat cuman lihat doang suruh telfon ditelfon cepat tunggu ditelfon cepat dihubungin gilir telat langsung dimatiin minggu nih tolong bayar full layan full,Negatif
provider slow response koneksi putus pakai provider,Positif
internet los putus kali durasi bulan responnya cepat kesini lambat cs agent wa read doang masak iya japri teknisi langsung internet los tiket keluh terang internet lot aneh banget lot enggak pakai turun fup ya pakai pikir pikir deh pakai internet oxygen,Positif
pasang beperapa lot tindak wa kasih suruh hubung kayak indihome pengenny jaring lancar mala kayak,Negatif
respon ya internet,Positif
tolong kasih layan baik customer kecewa baik sinyal los merah gilir tagih no tlpon gilir layan customer keluh kesah sinyal los merah banget minggu baik,Positif
parah bayar gagal pasang duit pulang,Negatif
bingung login daftar troublenya beres,Positif
komplen bals minggu asw,Positif
woy koneksi jaring gue gue chat balas customer service ya,Positif
aplikasi bantu,Negatif
harga promo tagih kagak sesuai sales ya songong,Positif
sok far good,Positif
lapor internet slow,Positif
biasa internet mati jatuh tempo ganggu ngerank game bgst,Positif
iniini mulu teknisi bosan kali ya ganti rusa kali kendala terussss,Positif
aplikasi ya blank kosong eror ya,Negatif
login reset password respons,Positif
kacau provider inimasa henti langgan minimal tahunkalo kena denda pinalti main salesnya pemberitahuan bagong nama,Negatif
download,Negatif
cs slow respon,Positif
mantap,Positif
ganti password ya,Positif
pasang lot speed sesuai expectasinya,Positif
jaring putus minggu kecewa costumer,Positif
buruk internet los content creator butuh internet normal pasang kali alami burukk buruk,Negatif
jaring lancar banget mantap daerah kayuringin jaya bekas selatan ya pakai sih moga lancar kendala maju oxygenid,Positif
februari minggu interner mati tangan sih internet cuman sisa internet mati kayak cari provider,Negatif
layan trouble buruk wifi rumah internet kunjung baik asli parahhh banget kaya ganti wifi tenang trouble gerak cepat tangan,Positif
bangkai sales teknisi becus sales slot kosong gilir bayar pasang teknisi bilang slot kosong gilir refund kerjanyatanya duit inti oxygen becus ati masang oxygen,Negatif
testimoni yakasian calon langgan kecewa nntgw tahun pakai inipernah dctrus dc hari kali jam an malam subuh dcya bukti murah murah kualitas nyacocok ya internet keluarga sih anak balitaklo gamer bisnis ya ngeri sedap,Positif
mohon fitur keluh langgan aplikasi biar keluh tangan jam v,Positif
wkwkwk proses refund kerja pasang wifi kendala jalur tiang langgan bikin kesel,Positif
tangan keluh langgan buruk kota bogor utara mohon wa keluh langgan teknisi tunggu besok lusa,Positif
parah sih ganggu loh,Negatif
terimakasih oxygen steam dll kena blokir,Negatif
ecek invoice terussssssss bayarr bayar woy benerin malesss kerja,Positif
aneh ya wifi kelas oxygen sistem cuman aju tambah mbps sistem pasang barubuat langgan upgradewaktu pasang kena rban team lapang nyako layan buruk yabukan ya senang langgan cari untung swndiri busuk banget,Positif
bagus,Negatif
gua makek wifi nih masalah internet down jam jam gua ngepush main game kayak jam pagi malam komplen suruh restart restar mulu pemakain hp gua paksa makek wifi sinyal rada susah,Negatif
ganti sandi kantor,Negatif
since oktoberrrr desember kali lost langsung ditangain teknisi isp baik isp sepupu gue dijaksel,Positif
operasional nya ya kak rumah kali konplain jelekk banget bayar ngadatt susah tau ya,Positif
kasih bintang ganggu lot kali lost merah kirim lapor apk selfcare oxygen pagi siang jam an langsung teknisi baik mantap pakai oxygen kecewa,Positif
update baru login developer ya stupid,Positif
aplikasi sih ok responnya lelet banget los konek,Positif
payah ah pakai fitur app susah login lupa password pakai metode lupa password kode verifnya masuk email,Negatif
guna jaring down login selfcare id temu mohon bantu,Positif
bantu mudah akses akun oxygen,Positif
bulan langgan kali eror telpon call centre suruh tunggu mulu jatuh tempo bayar nih suruh tunggu bayar,Negatif
install aplikasi login password salah login jelek banget,Negatif
moga provider top antar top perhati klien komplain modal maju,Positif
layan lambat chat tanggal respon suruh tunggu tunggu,Positif
pakai oxygen alhamdulilah lancar pakai ya hujan gede petir lancar pas telat bayar mggu eh muncul tagih ya sengaja gue bayar tanggal ya langsung putusin oxygen ya yaudah stop oxygen ya pasang sabtu daftar pasang mggu bayar senin pasang langsung lancar sok telat bayar sih gue mah,Positif
buka aplikasi force close,Negatif
asli kapok asa tipu wifi bayar awal pasang jam pakai hp lot ampun speed mbps omon doang sesuai rugi banget wifi giniannnn,Positif
sistempenanganan cs ya bagus gilir nawarinnya semangat tlpn gilir tangan kembali dana chat ya balas sekali balas cuman kali parah pt resmi kasin estimasi kembali dana aneh,Positif
aplikasi bantu mudah langgan oxygen promo ya sukses,Positif
mantap kali,Positif
ngeleg stabil pakai provider,Positif
update loginpadahal username password benarakhir ya versi error hasil loginkalau jaring bagus kendalaterima kasih,Positif
parah parah loss costumer service,Negatif
hubung internet,Positif
jasa layan internet stabiluntuk layan respon ya cepat layanani oxygenid,Positif
jaring wifi baik rekomendasi,Positif
aduh oxygen bagus pandemi lancar jaya kendala los merah kesini kena los merah rusak kotak oxygen ya tiang listrik tahun kali ganti kabel fiber lho kocak tambah layan customer ya bohongin sayabilang ya rubah tanggal jatuh tempo ya tanggal ya tanggal jatuh tempo tanggal tanggal sms jatuh tempo,Negatif
sinyal jelek banget,Positif
menu bayar kartu kredit bayar,Positif
parah nihhlagi sepi diskon diskon nan rame harga bulan naikin naikin harga langgan gapapa langgan naikinudah nama langgan terima kasih cekekmentang corona kali ye manfaatkn keadaanduit ribu musim corona itung rakyat bos untung ya ya,Positif
malam bu langgan wifi troble kabel utama putus chat wa email telepon nya sibuk gilir tunggu suruh bayar gilir sok sibuk telepon call centre sibuk wa sibuk aneh,Positif
asli sih apk sinkron jaring wifinya mbps lot parah gilllaa,Positif
minggu malam jam malam pagi loss teknisi kali ubah parahhhhh,Negatif
hang,Negatif
layan lambat internet email tanggap ya butuh banget wifi wfh,Positif
alhamdulillah lancar,Positif
aplikasi baru setting modem sesuai langsung app ya biar mantau langsung,Positif
parah ganggu bayar telat baik,Negatif
internet aktif susah banget hubung,Positif
aplikasi ya pakai kocak,Negatif
lot,Negatif
nyesal pasang langgan lapor cs responnya tawar cepat cepat responnya complain lambat dasar tanya,Positif
jelek banget wifi oxygenkapokgak profesional bngtdan lot pasang oxygennanti kayak downlemot layan customer care burukgak layan langgan baikuninstal oxygen,Positif
buka aplikasi ya aneh banget,Positif
aplikasi buka bayar tagih,Negatif
sistem banyak down,Negatif
bayar aplikasi lamgsung aplikasi,Negatif
kayak jual jasa langgan pelihara apps ngebug mulu internet lambat speednya sesuai maju ya disumpahin langgan,Positif
salah pakai oxygensbg gamer puas pakai oxygen tingkat,Positif
recomended,Negatif
mantap,Positif
lag,Negatif
bobrok rusak langgan kecewa rekomendasi pakai oxygen,Positif
sampah banget ganggu minggu bayar internet pakai ganggu cs template mulu asih solusi selesai komplain endchat usaha service terima komplain buka jasa bad experience,Positif
layan gabagus komplen jaring ngadat minggu matiin kali lapor jawab tindak jaring jelek bayar ngadat pulsa habis bikin lapor pasti,Positif
bantu,Positif
pakai oxygen sok far ramah kantong kualitas sesuai harga yadulu los putus pindah pakai boxnya oxygen kaya losmantab oxygen tahan,Positif
jelek mati wifi ya,Positif
aplikasi bapuk,Negatif
oxygenberkat sinyal oxygen nilai tes internet kemarin,Positif
cakep banget mueah stabil,Positif
lag game ml ngeping tau stabil,Positif
jaring masalah tunggu teknisi suruh tunggu kali jam cs bilang maaf solusi parah layan tolong tingkat,Positif
oxygen the best murah signal stabil pakai oxygen,Positif
bagus sinyal lumayan,Positif
gilir tagih cepat gilir keluh hahahaha beda ya belah niat masang tinggal kosan gajdi deh blacklist,Negatif
kecewa kopratif mis komunikasi bayar ya pasang bayar ya infoin kalender tau bayar,Positif
oxygen banget down ya suka hilang jaring internetnya huuft keluh rating ya anjlok tindak baik harga kompetitor turun kualitas,Positif
duit balikga masangduit baliksmpe sekaligimanaakapan duit,Negatif
tau tagih gue kena ribu odo koneksi rumah gue jarak meter meter kabel free cari biaya goib meter kabel tambah hitung meter kali ribu rban teknisi bilang kabel tambah meter masang dimna tuh tuh lumayan sanggup bayar gaji teknisi jangn anjir,Positif
internet loss baik,Negatif
bayar langsung aktif sih rugi nih layan sih,Positif
rip jaring ampas ngeleg parah stresss,Negatif
kecewa jaring jelek recomended main game online parah main reconect kadang youtube nge lag,Positif
profesional hadap problem alami customer respon layan buruk teknisi ya sopan ambil kabel tahu customer,Negatif
upgrade speed no tipu mantaaabspokoeee gudgoood,Positif
jelekkkkkklkga full akses situs blokir pmerintahkasih bintang nol,Negatif
los singnal lampu merah lapor tunggu xjam teknisi kece singnalnya los genap bulan langgan kali kayak maju langgan kecewa cs ty jawab enak signal daerah bagus cepat telepon langsung tutup layan baik oxygen,Positif
msang komputer konek wifi capek deh,Positif
uji speed meter aplikasi fungsi,Positif
prosedur pasang repot dibalikin uang sales responsif kecewa mending provider,Negatif
banget loss hari kali loss banget,Positif
ganggu n layan ya bagus n,Positif
oxygen jelek banget tonton youtube lancar pakai orang lancar salesnya tuknag bohong respon menggebugebu biar langgan langgan bodo pakai mbps aplikasi login reset password aplikasi kacau indihome gua,Negatif
jaring bagus layan sales teknisi cs ya buruk,Positif
bayar pakai mandiri baik ribet bikin akun ovo terima kasih,Negatif
performance jaring kapasitas bandwith buruk putus sesuai paket tawar,Positif
sampah banget skrngkomplenan ribet ss test signal lahud tau lemotlag masalah mulugak lu lamamending ganti provider,Negatif
alaaah sales bilang teknisi bilang kembali dana bilang kerja dana refund untung nipu dek,Positif
ok banget,Positif
komplien kali wifi eror perbaikiudah tau rusak tiang tim memperbaikinyaniat sih,Negatif
pakai wifi trouble ya ngelag hilang jaring koneksi buruk banget oxygen,Positif
the best,Negatif
layan buruk internet los kabel putus respon selles ya,Positif
parah banget byr langsung mati mati kaco banget layan ya lelet dm balas komentar ig batas rekomend banget mah,Positif
keren euy harga tejangkau speed jaring lumayan nak denda oxygenid mantap,Positif
bena sinyal bagus kali gadget koneksihp router jarak jatuh tempo batas bayar tagih sinyal kali timbul tenggelam kecuali sudaj batas bayar erti sadar nyata rasa susah akses sinyal,Negatif
provider bapuk rusa tangan berharihari ganti alami provider provider via whatsapp dicuekin jam jam tidur balas via emailbuat mending langgan provider rugi,Positif
mantaps respon cepat internet bagus,Positif
indah ya lost minggu kompensasi ganggu lost aku cepat ya bagus ya dikit ganggu lost moga,Negatif
internet ya respon cs ya,Positif
pakai nih wifi keluh trouble sanagat lambat responyasudah minggu wifi mati tindakanno recomend,Positif
banget ganggu payah banget tangan lelet banget banget ganggu fix udahan pindah capekkk,Positif
bikin apk nanggung bayar ya susah hubung susah serba ribet mudah samasekali,Negatif
alhamdullilah lancar jaya,Positif
masuk daftar suruh sign,Negatif
ragu baca reviewnya berani coba pasang murah pas banget promo mbps salesnya ramah fast respon pasang cepat jaring mantap fix langgan moga tahan jaring rto btw bulan pasang sukses,Positif
ganggu,Negatif
wifi loss kabar telpon chat servis respon telpon angkat wa read doang hadeeh layan banget,Positif
parah benerin gara gara los los detik los kecewa,Negatif
langgan oxygen koneksi internet masalah terputusputus koneksi jaring lambat pakai parah aplikasi billing bayar butuh pelangga sedia layan sedia manajem aplikasi cermin betapa tutup oxygen keluh langgan,Positif
kemarin los merah komplain nethink reviewnya jelek teknisi baik langsung pulih moga los oxygen depa tanggap biar komplen,Positif
sampah ngelag benerin bug codingan ya bingung,Positif
coba bantu user id password alamat email ya saudara aplikasi simple banget tingkat size ya contoh aplikasi lapak belah sih fm,Positif
update login,Positif
ya lumayan,Positif
kadang lag kadang kagak,Positif
layan buruk banget hubung internet tagih bayar jatuh tempo complain email tanggap complain telp suruh tunggu adek adek sekolah via zoom,Positif
aplikasi ya bagus berat banget aplikasi doal jaring tes speed lancar pakai data lancar wifi lancar loadnya banget voba baik biar user experience ya depan,Positif
gangguantersambung internet,Negatif
kacaw respon internetnya jelek,Positif
id koneksi problem total solved sucks coba pakai aps tau ya link cs wa langsung end chat coba link cs solved jelek banget layan,Positif
oxygen mbps rp beda sih cuman pakai laptop connect wifi lelet kali wifi ya support mbps hp bagus ping turun first media mbps rp jaring stabil kencang saing oxygen mnc play ping mbps tonton youtube ngelag oxygen tolong naikin speed mbps takut langgan maju tarik langgan setia,Positif
payah bilang harga promo tetiba harga naik edan,Positif
the most disgusting provider ever worst experience star just for the cheap price,Negatif
bagus andal,Positif
heran daftar email ya aplikasi beda administrasi runyam banget ya,Positif
tipu brengsek susah buang internet oxygen susah rugi orang,Negatif
jujur jaring internet wilayah domisili tinggal bagus benarbenar cepat app ya ok sisi layan customer service ya responnya lambat tangan solutif,Positif
aplikasi login susah masuk pasword bikin paswordnya pakai lupa pasword pasuk id langgan tekan reset hilang cek email email tolong bikin aplikasi mudah,Negatif
layan lelet lambat keong internet no ascses reset system kali gek,Positif
login sih,Positif
csnya langsung cakap tulis biar jasa baca kirim dikit dikit langsung cakap ya debes o,Positif
ya bayar tagih aplikasi tulis lunas sih lihat aplikasi,Negatif
dc kacau tlat bayar nagihnya kayak tau dc solusi,Negatif
buruk,Negatif
layan bagus internet cepat bukti benar terimakasih,Positif
suka najis banget miskin kah pindahin router kamar bayar ribu najis,Negatif
bayar kali oxygen tanggap suruh bayar oxygen professional pakai wifi oxygen,Negatif
oxygen tolol otak gue bayar mahal mahal jaring ya jelk gue bayar pakai duit baik tuh provider buruk rugi orang,Positif
aplikasi eror bugnya tampil muncul guna baru,Negatif
layan jaring internet ok sayang chat cs balesnya banget sop merespon konsumen keluh,Positif
pakai alhamdulillah jaring stabil murah,Positif
ganggu internet tangan lambat kecewa,Positif
selfcare status bayardi aplikasi lunas aneh ya bunda,Positif
mudah ukur oksigen tubuh rumah,Positif
provider begobelum bulan losssales tanggung jawabnanya cs gagumao adu mana,Negatif
terimakasih,Positif
speednya muas bayar tolong tambah transfer bankmerchant belanja online,Positif
layan lambat internet hilang nelpon cs ngabisin pulsa cs wa balasanya lapor minggu teknisi ditlp cs selesai internet kacau parah sesal pakai oxygen,Negatif
aplikasi langgan oxygen oke banget biar langgan oxygen cek status info lainnyaoxygen gakbisapelan,Positif
langgan salah alhamdulillah jarang ganggu pakai internet indiglo banget ganggu,Negatif
tipu speed sesuai cs wa selesai call center dihibungin bubarin mending,Positif
buka aplikasi swndiri susah buka pakai wifi oxygen wifinya ok wa aplikasi buka speed coba upgret mbps bae max wis angel angel,Negatif
fungsionalitas apk bagus perhati tingkat keman akun jaga data,Negatif
aplikasi buka melulu,Negatif
respon sesal pakai oxygen internet adatelek oxygen,Positif
buset bayar tanggal november tagih tanggal desember suspend mati tanggal desember gila sih provider,Negatif
berteletele,Negatif
ok good aplication,Positif
aplikasi layan oxygen,Negatif
bantu cust internet ya kencang jangkau,Positif
sih wifi oxigen mati errorbikin kesel ajamasa lapor terus,Positif
mantap,Positif
pas pasang kendala lancar jaya tonton youtube loading tonton siar televisi loading banget ganggu pas tonton pakai an perbualn sinyal wifi alhamdulillah aman bayar aman ya telat jatuh tempo asa maju,Positif
sinyal turun sesuai harga,Positif
jelek lelet,Negatif
app ya buka tolong,Positif
aplikasi buka hitam doang kuar ya payah programer ya,Positif
malam mati internet jam ca hubstatus sambung internet ya trik duit jelang lebaran,Negatif
rekomen,Positif
aplikasi buka tampil ijo doang,Negatif
oke gara reset password error nih min pas lihat ulas isi keluh puas bilang aplikasi nih,Positif
instal apl asih tau minat pasang internet oxygen saran pikir minggu kali internet putus putus hari coba cari nih ampun deh pakai oxygen,Negatif
kesini busuk jaring ya lapor cs sales selesai ya,Positif
mohon tambah fiturfitur self upgrade speed dll,Positif
apk buruk login,Negatif
good salah pilih jaring,Positif
tagih bamget kesini suee,Negatif
ok moga bantu,Positif
jaring jelek customer service template jawab balas banget,Positif
aplikasi ya error login,Negatif
pasang internet real time anjlok pasang mbps cuman speed mbps cek speed via kabel lan,Positif
pakai sambung no connection call cs tangan sinyal kuat kecewa wajar providernya laku kasih tarif murah tolong baik ya,Positif
internet lumayan bagus,Positif
tolong tagih jatuh tempo ubah rubah kesini,Negatif
system otomatis invoice ya karuan kecewa beda pascabayar masak invoicenya hitung masuk tagih tanggal bayar tangga ini pasang bayar pasang pakai system ya bayar maka prabayar beli quota maka kecewa telat bayar masuk tagih tanggal no internet acces,Negatif
mantap oxygen wifi,Positif
nih aplikasi isi bayar fasilitas kontrol connect perinci cepat real ya unggul oxygen sih sedia internet bodoh aplikasi,Positif
aplikasi ya bantu good,Positif
good llahh,Positif
oxygen pakai suka delay jaringannyapembyaran ontime qualitas turun,Negatif
los,Positif
kereennnn,Positif
internet lancar harga murah uras kantong pokok top deh,Positif
nih menit buka channel tv kagak iklan mulu suruh bayar tagih oxygen pakai ovo iklan tau tinggal acara tv favorit tolong kurang iklan bayar iklan kali orang sabar tonton channel tv suka iklan,Negatif
wifi swasta buruk atur kendala jaring menang harga murah tau gajadi pasang,Negatif
kecewa wifi kacaw pokok gabener csnya lambat,Positif
bayar aplikasi,Negatif
puas pokok oxygen,Positif
jaring wifi stabil telfon cs respon ketemu teknisi bilang cek kabur jelek banget layan tukang tipu,Positif
reset paswod login,Positif
malam loss goblok rugi,Negatif
pakai minim kendala kendala cs teknisi cepat atas solusi naik harga wlpn masangnya pas promo internet stabil layan bagus pokok bagus tahan ya,Positif
komplain susah whatsapp balas panggil langsung angkat payah,Negatif
bagus lot butuh baik sistem,Negatif
pakai wifi menyesalada keluh nanggapi botkita hubung pasang peduli lapor ulang ulang gunanyabayaran tetapnamun pakai,Positif
mantap harga murah koneksi ok harga stabil mantap,Positif
cs whatsapp ya balas tbtb pas chat suruh selesai aneh,Positif
bulan sih bagus,Negatif
aplikasi fungsi coba logout,Negatif
bayar telat gilir jaring lot loh langgan jaring lot pengin ganti ya,Positif
alhamdulillah hardware ya ramah banget mohon sabar maklum kondisi anak sekolah butuh internet minggu pegang inti sabar moga berkah,Positif
bagus sumpah jelek banget parah rumah hari nyalah complaint mana tanggepin tanggepin ganggu,Negatif
sinyal tolol lag,Negatif
wifi jelek blok betulin ngelag tlol,Negatif
ganggu csnya chat pasti,Positif
sumpah kali masang wifi ribet banget bayar kudu gercep deposit teknisi lokasi cek gilir tunggu refund ya banget kerja,Positif
masuk jaring ujan lemah sesal gue pakai nih wifi,Positif
ganggu gunakanpenanganan ya,Positif
masuk musim hujan jaring ganggu kali minggu komplain masalah jaring bobrok,Negatif
wifi murah kualitas baca ulas problem telepon call center telepon sales kadang manusia baca mikir,Positif
hati hati pasang oxigen pindah rumah ditawarin sales pindah biaya lagisaya bayar muka aju pasang bayar alesannya jaring full penuh duit masuk dikemblikan hati jadi orang nomer id,Positif
respon ya bayar tunggu jam biar internet ya hidup baik reponnya,Positif
mantan anti lelet,Negatif
los los los los parah banget balum pakai kendala kedip merah los salesnya low respon banget dichat teknisi wo luncur menghadeuh,Positif
pakai aplikasi login login reset password via emailno langgan balas email daftar balikin,Positif
oxygen top harga flat kuota unlimited kwalitasnya kalengkaleng pokok oxygenid ya,Positif
sinyal los pakai cs ya beda kadang bilang tiang bilang perijinan rtrw parahhhhh,Positif
jaring wifi tv ya jelek sesal pasang oxygen,Positif
lot ya buka youtube ngadat mulu,Negatif
good,Positif
payah jaring hilang nih tolong baik,Positif
aneh sinyal hilang timbul,Negatif
isi password tau passwordnya,Negatif
niat sih aplikasi reset password berfungsisy benar nih niat aplikasi,Negatif
bikin aplikasi niat reset password cek tagih web bayar blibli dana status tunggak bayar wifi pakai,Negatif
losss bulan coba bayar bulan,Negatif
bayar doang dinaikin fasilitas konsumen jelek parah sinyal ya suka putus langgan tahun paket mbak tolong baik kecewa konsumen langgan pindah langgan kayak,Positif
ngeluh jaring daerahnye suport alhamdulillah aman jaya,Positif
good app,Positif
good,Positif
mantap thanks banget oxygen internet lancar not lagging ngezoom lancar harga jangkau cssalesteknisi fast respon solusi baik wfh learning based home sukses,Positif
nama selfcare komputer cs ya kasih jelas tunggu balesnya sekali balas cakap tutup ganti nama selftcare bootcare,Negatif
mantab,Negatif
sial nih provider sumpah ngerampok habis duit gue bayar bulan habis muncul bill mending cabut,Negatif
tolol internet cabut telpon cs henti langgan perangkat diambilpadahal perangkat rumah ambil tolol bayar minggu,Negatif
id mohon bantu los kedip merah koneksi internet teknisi ya baik parah cabut ogah bayar gue,Negatif
aplikasi ok banget bantu cek tagih promo bonus upgrade speed gratis,Positif
kecewa bayar putus oxygen bolh masuk wilayah malaka sari duren sawit knapa rw balikin uang,Negatif
mantapnbanget,Positif
mohon baik,Negatif
psg bagus koneksi cptkn kesini lot minggu signal gilang koneksi buang alih data bdmn cs servis peyanan semkn buruk kecewa banget komplain akhirny puas layan,Negatif
good apps,Positif
buka,Negatif
login,Negatif
buruk banget layan asliwifinya bagus sdm ya bobrok janji konsisten,Positif
bagus lancar n moga lancar jaya,Positif
tangan tindak apa suruh tunggu tunggu tunggu,Negatif
oxygen parah daerah duri kepa internet putus hujan internet putus kecewa recommended,Negatif
ok kadang lag baharu sistem jam jam an tau internet lot banget pakai jaring satelit kadang internet down pungkiri oksigen kasih double bandwidth murah pandemi kepake anak home learning baik jaring kuat signal kencengnua internet customer oksigen puas,Negatif
mantap bro aplikasi ya bagus fitur wifi ya kencang fup,Positif
kendala cs teknisi ya bilang doang gilir urus bayar telat jam langsung mati internet ya wkwk,Positif
recomend instal oxygen layan buruk jaring bagus baik,Positif
bogor,Positif
pakai oxygen daerah duren sawit aman aman ganggu larut larut ganggu cs cepat tanggap teknisi tangan,Negatif
lapor ganggu,Positif
susah buka aplikasi yamau bayar susah,Negatif
kira bagus cwuihhh ampas koneksi internet langsung mati merah layan customernya manis pas masang pas kendala langsung kayak tangung pasang manis awal langsung hilang jaring,Positif
internet ya stabil cepat harga murah banding,Positif
koneksi stabil cs slow respond,Positif
main game ping ya gila,Positif
kode verifikasi restart modem mandiri kirim tolong baik,Negatif
update tinggal kasih ingat gua buka cek tenggang keluar mulu sih tuman,Negatif
provider bagus banget jaring harga stabil mantap,Positif
bagus sayang maksimal guna,Positif
diperbaruidipake,Positif
cacad kadang kadang acces,Positif
wifi oxygen kencang unlimited banget deh,Positif
very informative thank you,Positif
pakai jelek jaring jelek minggu mati henti langgan suruh bayar ribu parah,Negatif
canggih,Negatif
